sample_id,scene_id,input_path,sensor,row_start,row_stop,col_start,col_stop,label,confidence,source,split,notes,confidence_tier,valid_ratio,wet_ratio_valid,valid_pixels,dry_pixels,wet_pixels,ignore_pixels,tier1_pixels,tier2_pixels,tier3_pixels,block_row,block_col,block_id,split_policy
confali_00001,hyperion_stack_crop_f16,/home/zennakamura/MasterResearch/HyperSIGMA/HyperspectralDetection/Hyperion_WaterLabel_20111222/data/processed/hyperion/hyperion_stack_crop_f16.tif,hyperion,64,128,2432,2496,dry,0.921875,confidence_ali.tif,train,Generated from confidence_ali.tif using label=dry when wet_ratio_valid < 0.100,0,0.922119,0.000265,3777,3776,1,319,1,0,0,0,10,block_r000_c010,spatial_block
confali_00002,hyperion_stack_crop_f16,/home/zennakamura/MasterResearch/HyperSIGMA/HyperspectralDetection/Hyperion_WaterLabel_20111222/data/processed/hyperion/hyperion_stack_crop_f16.tif,hyperion,128,192,2368,2432,wet,0.812538,confidence_ali.tif,train,Generated from confidence_ali.tif using label=wet when wet_ratio_valid >= 0.100,3,0.933350,0.228355,3823,2950,873,273,125,89,659,0,10,block_r000_c010,spatial_block
confali_00003,hyperion_stack_crop_f16,/home/zennakamura/MasterResearch/HyperSIGMA/HyperspectralDetection/Hyperion_WaterLabel_20111222/data/processed/hyperion/hyperion_stack_crop_f16.tif,hyperion,128,192,2432,2496,wet,0.918794,confidence_ali.tif,train,Generated from confidence_ali.tif using label=wet when wet_ratio_valid >= 0.100,3,1.000000,0.105225,4096,3665,431,0,42,21,368,0,10,block_r000_c010,spatial_block
confali_00004,hyperion_stack_crop_f16,/home/zennakamura/MasterResearch/HyperSIGMA/HyperspectralDetection/Hyperion_WaterLabel_20111222/data/processed/hyperion/hyperion_stack_crop_f16.tif,hyperion,128,192,2496,2560,dry,1.000000,confidence_ali.tif,test,Generated from confidence_ali.tif using label=dry when wet_ratio_valid < 0.100,0,1.000000,0.000000,4096,4096,0,0,0,0,0,0,11,block_r000_c011,spatial_block
confali_00005,hyperion_stack_crop_f16,/home/zennakamura/MasterResearch/HyperSIGMA/HyperspectralDetection/Hyperion_WaterLabel_20111222/data/processed/hyperion/hyperion_stack_crop_f16.tif,hyperion,192,256,2304,2368,dry,0.862305,confidence_ali.tif,train,Generated from confidence_ali.tif using label=dry when wet_ratio_valid < 0.100,0,0.922607,0.065361,3779,3532,247,317,116,44,87,0,10,block_r000_c010,spatial_block
confali_00006,hyperion_stack_crop_f16,/home/zennakamura/MasterResearch/HyperSIGMA/HyperspectralDetection/Hyperion_WaterLabel_20111222/data/processed/hyperion/hyperion_stack_crop_f16.tif,hyperion,192,256,2368,2432,wet,0.768840,confidence_ali.tif,train,Generated from confidence_ali.tif using label=wet when wet_ratio_valid >= 0.100,3,1.000000,0.176025,4096,3375,721,0,191,118,412,0,10,block_r000_c010,spatial_block
confali_00007,hyperion_stack_crop_f16,/home/zennakamura/MasterResearch/HyperSIGMA/HyperspectralDetection/Hyperion_WaterLabel_20111222/data/processed/hyperion/hyperion_stack_crop_f16.tif,hyperion,192,256,2432,2496,dry,0.911621,confidence_ali.tif,train,Generated from confidence_ali.tif using label=dry when wet_ratio_valid < 0.100,0,1.000000,0.088379,4096,3734,362,0,129,103,130,0,10,block_r000_c010,spatial_block
confali_00008,hyperion_stack_crop_f16,/home/zennakamura/MasterResearch/HyperSIGMA/HyperspectralDetection/Hyperion_WaterLabel_20111222/data/processed/hyperion/hyperion_stack_crop_f16.tif,hyperion,192,256,2496,2560,dry,0.908936,confidence_ali.tif,test,Generated from confidence_ali.tif using label=dry when wet_ratio_valid < 0.100,0,0.994873,0.086380,4075,3723,352,21,62,56,234,0,11,block_r000_c011,spatial_block
confali_00009,hyperion_stack_crop_f16,/home/zennakamura/MasterResearch/HyperSIGMA/HyperspectralDetection/Hyperion_WaterLabel_20111222/data/processed/hyperion/hyperion_stack_crop_f16.tif,hyperion,256,320,2240,2304,dry,0.868896,confidence_ali.tif,val,Generated from confidence_ali.tif using label=dry when wet_ratio_valid < 0.100,0,0.906494,0.041476,3713,3559,154,383,104,30,20,1,10,block_r001_c010,spatial_block
confali_00010,hyperion_stack_crop_f16,/home/zennakamura/MasterResearch/HyperSIGMA/HyperspectralDetection/Hyperion_WaterLabel_20111222/data/processed/hyperion/hyperion_stack_crop_f16.tif,hyperion,256,320,2304,2368,wet,0.626375,confidence_ali.tif,val,Generated from confidence_ali.tif using label=wet when wet_ratio_valid >= 0.100,1,0.948242,0.112513,3884,3447,437,212,174,97,166,1,10,block_r001_c010,spatial_block
confali_00011,hyperion_stack_crop_f16,/home/zennakamura/MasterResearch/HyperSIGMA/HyperspectralDetection/Hyperion_WaterLabel_20111222/data/processed/hyperion/hyperion_stack_crop_f16.tif,hyperion,256,320,2368,2432,wet,0.780062,confidence_ali.tif,val,Generated from confidence_ali.tif using label=wet when wet_ratio_valid >= 0.100,3,1.000000,0.130615,4096,3561,535,0,126,101,308,1,10,block_r001_c010,spatial_block
confali_00012,hyperion_stack_crop_f16,/home/zennakamura/MasterResearch/HyperSIGMA/HyperspectralDetection/Hyperion_WaterLabel_20111222/data/processed/hyperion/hyperion_stack_crop_f16.tif,hyperion,256,320,2432,2496,dry,0.906494,confidence_ali.tif,val,Generated from confidence_ali.tif using label=dry when wet_ratio_valid < 0.100,0,0.994873,0.088834,4075,3713,362,21,136,106,120,1,10,block_r001_c010,spatial_block
confali_00013,hyperion_stack_crop_f16,/home/zennakamura/MasterResearch/HyperSIGMA/HyperspectralDetection/Hyperion_WaterLabel_20111222/data/processed/hyperion/hyperion_stack_crop_f16.tif,hyperion,320,384,2176,2240,dry,0.870117,confidence_ali.tif,train,Generated from confidence_ali.tif using label=dry when wet_ratio_valid < 0.100,0,0.919678,0.053889,3767,3564,203,329,102,54,47,1,9,block_r001_c009,spatial_block
confali_00014,hyperion_stack_crop_f16,/home/zennakamura/MasterResearch/HyperSIGMA/HyperspectralDetection/Hyperion_WaterLabel_20111222/data/processed/hyperion/hyperion_stack_crop_f16.tif,hyperion,320,384,2240,2304,dry,0.933105,confidence_ali.tif,val,Generated from confidence_ali.tif using label=dry when wet_ratio_valid < 0.100,0,1.000000,0.066895,4096,3822,274,0,168,61,45,1,10,block_r001_c010,spatial_block
confali_00015,hyperion_stack_crop_f16,/home/zennakamura/MasterResearch/HyperSIGMA/HyperspectralDetection/Hyperion_WaterLabel_20111222/data/processed/hyperion/hyperion_stack_crop_f16.tif,hyperion,320,384,2304,2368,wet,0.688312,confidence_ali.tif,val,Generated from confidence_ali.tif using label=wet when wet_ratio_valid >= 0.100,3,1.000000,0.112793,4096,3634,462,0,157,118,187,1,10,block_r001_c010,spatial_block
confali_00016,hyperion_stack_crop_f16,/home/zennakamura/MasterResearch/HyperSIGMA/HyperspectralDetection/Hyperion_WaterLabel_20111222/data/processed/hyperion/hyperion_stack_crop_f16.tif,hyperion,320,384,2368,2432,wet,0.690112,confidence_ali.tif,val,Generated from confidence_ali.tif using label=wet when wet_ratio_valid >= 0.100,3,0.996338,0.128890,4081,3555,526,15,174,137,215,1,10,block_r001_c010,spatial_block
confali_00017,hyperion_stack_crop_f16,/home/zennakamura/MasterResearch/HyperSIGMA/HyperspectralDetection/Hyperion_WaterLabel_20111222/data/processed/hyperion/hyperion_stack_crop_f16.tif,hyperion,384,448,2112,2176,dry,0.852295,confidence_ali.tif,train,Generated from confidence_ali.tif using label=dry when wet_ratio_valid < 0.100,0,0.915771,0.069315,3751,3491,260,345,134,85,41,1,9,block_r001_c009,spatial_block
confali_00018,hyperion_stack_crop_f16,/home/zennakamura/MasterResearch/HyperSIGMA/HyperspectralDetection/Hyperion_WaterLabel_20111222/data/processed/hyperion/hyperion_stack_crop_f16.tif,hyperion,384,448,2176,2240,dry,0.930420,confidence_ali.tif,train,Generated from confidence_ali.tif using label=dry when wet_ratio_valid < 0.100,0,1.000000,0.069580,4096,3811,285,0,110,52,123,1,9,block_r001_c009,spatial_block
confali_00019,hyperion_stack_crop_f16,/home/zennakamura/MasterResearch/HyperSIGMA/HyperspectralDetection/Hyperion_WaterLabel_20111222/data/processed/hyperion/hyperion_stack_crop_f16.tif,hyperion,384,448,2240,2304,wet,0.579487,confidence_ali.tif,val,Generated from confidence_ali.tif using label=wet when wet_ratio_valid >= 0.100,1,1.000000,0.111084,4096,3641,455,0,206,162,87,1,10,block_r001_c010,spatial_block
confali_00020,hyperion_stack_crop_f16,/home/zennakamura/MasterResearch/HyperSIGMA/HyperspectralDetection/Hyperion_WaterLabel_20111222/data/processed/hyperion/hyperion_stack_crop_f16.tif,hyperion,384,448,2304,2368,dry,0.899902,confidence_ali.tif,val,Generated from confidence_ali.tif using label=dry when wet_ratio_valid < 0.100,0,0.997559,0.097895,4086,3686,400,10,220,102,78,1,10,block_r001_c010,spatial_block
confali_00021,hyperion_stack_crop_f16,/home/zennakamura/MasterResearch/HyperSIGMA/HyperspectralDetection/Hyperion_WaterLabel_20111222/data/processed/hyperion/hyperion_stack_crop_f16.tif,hyperion,448,512,2048,2112,dry,0.834961,confidence_ali.tif,train,Generated from confidence_ali.tif using label=dry when wet_ratio_valid < 0.100,0,0.911621,0.084092,3734,3420,314,362,152,43,119,2,9,block_r002_c009,spatial_block
confali_00022,hyperion_stack_crop_f16,/home/zennakamura/MasterResearch/HyperSIGMA/HyperspectralDetection/Hyperion_WaterLabel_20111222/data/processed/hyperion/hyperion_stack_crop_f16.tif,hyperion,448,512,2112,2176,dry,0.896484,confidence_ali.tif,train,Generated from confidence_ali.tif using label=dry when wet_ratio_valid < 0.100,0,0.961914,0.068020,3940,3672,268,156,173,56,39,2,9,block_r002_c009,spatial_block
confali_00023,hyperion_stack_crop_f16,/home/zennakamura/MasterResearch/HyperSIGMA/HyperspectralDetection/Hyperion_WaterLabel_20111222/data/processed/hyperion/hyperion_stack_crop_f16.tif,hyperion,448,512,2176,2240,dry,0.944824,confidence_ali.tif,train,Generated from confidence_ali.tif using label=dry when wet_ratio_valid < 0.100,0,1.000000,0.055176,4096,3870,226,0,117,32,77,2,9,block_r002_c009,spatial_block
confali_00024,hyperion_stack_crop_f16,/home/zennakamura/MasterResearch/HyperSIGMA/HyperspectralDetection/Hyperion_WaterLabel_20111222/data/processed/hyperion/hyperion_stack_crop_f16.tif,hyperion,448,512,2240,2304,dry,0.936279,confidence_ali.tif,val,Generated from confidence_ali.tif using label=dry when wet_ratio_valid < 0.100,0,0.997559,0.061429,4086,3835,251,10,139,70,42,2,10,block_r002_c010,spatial_block
confali_00025,hyperion_stack_crop_f16,/home/zennakamura/MasterResearch/HyperSIGMA/HyperspectralDetection/Hyperion_WaterLabel_20111222/data/processed/hyperion/hyperion_stack_crop_f16.tif,hyperion,512,576,1984,2048,dry,0.818604,confidence_ali.tif,train,Generated from confidence_ali.tif using label=dry when wet_ratio_valid < 0.100,0,0.908203,0.098656,3720,3353,367,376,158,130,79,2,8,block_r002_c008,spatial_block
confali_00026,hyperion_stack_crop_f16,/home/zennakamura/MasterResearch/HyperSIGMA/HyperspectralDetection/Hyperion_WaterLabel_20111222/data/processed/hyperion/hyperion_stack_crop_f16.tif,hyperion,512,576,2048,2112,dry,0.900635,confidence_ali.tif,train,Generated from confidence_ali.tif using label=dry when wet_ratio_valid < 0.100,0,1.000000,0.099365,4096,3689,407,0,140,148,119,2,9,block_r002_c009,spatial_block
confali_00027,hyperion_stack_crop_f16,/home/zennakamura/MasterResearch/HyperSIGMA/HyperspectralDetection/Hyperion_WaterLabel_20111222/data/processed/hyperion/hyperion_stack_crop_f16.tif,hyperion,512,576,2112,2176,dry,0.930664,confidence_ali.tif,train,Generated from confidence_ali.tif using label=dry when wet_ratio_valid < 0.100,0,1.000000,0.069336,4096,3812,284,0,175,79,30,2,9,block_r002_c009,spatial_block
confali_00028,hyperion_stack_crop_f16,/home/zennakamura/MasterResearch/HyperSIGMA/HyperspectralDetection/Hyperion_WaterLabel_20111222/data/processed/hyperion/hyperion_stack_crop_f16.tif,hyperion,512,576,2176,2240,dry,0.916016,confidence_ali.tif,train,Generated from confidence_ali.tif using label=dry when wet_ratio_valid < 0.100,0,0.998535,0.082641,4090,3752,338,6,175,78,85,2,9,block_r002_c009,spatial_block
confali_00029,hyperion_stack_crop_f16,/home/zennakamura/MasterResearch/HyperSIGMA/HyperspectralDetection/Hyperion_WaterLabel_20111222/data/processed/hyperion/hyperion_stack_crop_f16.tif,hyperion,576,640,1920,1984,dry,0.825684,confidence_ali.tif,train,Generated from confidence_ali.tif using label=dry when wet_ratio_valid < 0.100,0,0.904785,0.087426,3706,3382,324,390,157,82,85,2,8,block_r002_c008,spatial_block
confali_00030,hyperion_stack_crop_f16,/home/zennakamura/MasterResearch/HyperSIGMA/HyperspectralDetection/Hyperion_WaterLabel_20111222/data/processed/hyperion/hyperion_stack_crop_f16.tif,hyperion,576,640,1984,2048,dry,0.924805,confidence_ali.tif,train,Generated from confidence_ali.tif using label=dry when wet_ratio_valid < 0.100,0,1.000000,0.075195,4096,3788,308,0,221,67,20,2,8,block_r002_c008,spatial_block
confali_00031,hyperion_stack_crop_f16,/home/zennakamura/MasterResearch/HyperSIGMA/HyperspectralDetection/Hyperion_WaterLabel_20111222/data/processed/hyperion/hyperion_stack_crop_f16.tif,hyperion,576,640,2048,2112,dry,0.945312,confidence_ali.tif,train,Generated from confidence_ali.tif using label=dry when wet_ratio_valid < 0.100,0,1.000000,0.054688,4096,3872,224,0,163,49,12,2,9,block_r002_c009,spatial_block
confali_00032,hyperion_stack_crop_f16,/home/zennakamura/MasterResearch/HyperSIGMA/HyperspectralDetection/Hyperion_WaterLabel_20111222/data/processed/hyperion/hyperion_stack_crop_f16.tif,hyperion,576,640,2112,2176,dry,0.959717,confidence_ali.tif,train,Generated from confidence_ali.tif using label=dry when wet_ratio_valid < 0.100,0,0.999268,0.039580,4093,3931,162,3,122,40,0,2,9,block_r002_c009,spatial_block
confali_00033,hyperion_stack_crop_f16,/home/zennakamura/MasterResearch/HyperSIGMA/HyperspectralDetection/Hyperion_WaterLabel_20111222/data/processed/hyperion/hyperion_stack_crop_f16.tif,hyperion,640,704,1920,1984,wet,0.728515,confidence_ali.tif,train,Generated from confidence_ali.tif using label=wet when wet_ratio_valid >= 0.100,3,0.999512,0.120420,4094,3601,493,2,156,89,248,2,8,block_r002_c008,spatial_block
confali_00034,hyperion_stack_crop_f16,/home/zennakamura/MasterResearch/HyperSIGMA/HyperspectralDetection/Hyperion_WaterLabel_20111222/data/processed/hyperion/hyperion_stack_crop_f16.tif,hyperion,640,704,1984,2048,dry,0.943359,confidence_ali.tif,train,Generated from confidence_ali.tif using label=dry when wet_ratio_valid < 0.100,0,0.990479,0.047572,4057,3864,193,39,99,70,24,2,8,block_r002_c008,spatial_block
confali_00035,hyperion_stack_crop_f16,/home/zennakamura/MasterResearch/HyperSIGMA/HyperspectralDetection/Hyperion_WaterLabel_20111222/data/processed/hyperion/hyperion_stack_crop_f16.tif,hyperion,640,704,2048,2112,dry,0.911621,confidence_ali.tif,train,Generated from confidence_ali.tif using label=dry when wet_ratio_valid < 0.100,0,0.999268,0.087711,4093,3734,359,3,209,94,56,2,9,block_r002_c009,spatial_block
confali_00036,hyperion_stack_crop_f16,/home/zennakamura/MasterResearch/HyperSIGMA/HyperspectralDetection/Hyperion_WaterLabel_20111222/data/processed/hyperion/hyperion_stack_crop_f16.tif,hyperion,704,768,1856,1920,dry,0.916748,confidence_ali.tif,test,Generated from confidence_ali.tif using label=dry when wet_ratio_valid < 0.100,0,1.000000,0.083252,4096,3755,341,0,200,78,63,3,8,block_r003_c008,spatial_block
confali_00037,hyperion_stack_crop_f16,/home/zennakamura/MasterResearch/HyperSIGMA/HyperspectralDetection/Hyperion_WaterLabel_20111222/data/processed/hyperion/hyperion_stack_crop_f16.tif,hyperion,704,768,1920,1984,dry,0.947998,confidence_ali.tif,test,Generated from confidence_ali.tif using label=dry when wet_ratio_valid < 0.100,0,1.000000,0.052002,4096,3883,213,0,143,43,27,3,8,block_r003_c008,spatial_block
confali_00038,hyperion_stack_crop_f16,/home/zennakamura/MasterResearch/HyperSIGMA/HyperspectralDetection/Hyperion_WaterLabel_20111222/data/processed/hyperion/hyperion_stack_crop_f16.tif,hyperion,704,768,1984,2048,dry,0.904053,confidence_ali.tif,test,Generated from confidence_ali.tif using label=dry when wet_ratio_valid < 0.100,0,0.999756,0.095726,4095,3703,392,1,128,94,170,3,8,block_r003_c008,spatial_block
confali_00039,hyperion_stack_crop_f16,/home/zennakamura/MasterResearch/HyperSIGMA/HyperspectralDetection/Hyperion_WaterLabel_20111222/data/processed/hyperion/hyperion_stack_crop_f16.tif,hyperion,768,832,1792,1856,wet,0.587349,confidence_ali.tif,test,Generated from confidence_ali.tif using label=wet when wet_ratio_valid >= 0.100,1,0.974854,0.100175,3993,3593,400,103,180,117,103,3,8,block_r003_c008,spatial_block
confali_00040,hyperion_stack_crop_f16,/home/zennakamura/MasterResearch/HyperSIGMA/HyperspectralDetection/Hyperion_WaterLabel_20111222/data/processed/hyperion/hyperion_stack_crop_f16.tif,hyperion,768,832,1856,1920,dry,0.896973,confidence_ali.tif,test,Generated from confidence_ali.tif using label=dry when wet_ratio_valid < 0.100,0,0.947754,0.053581,3882,3674,208,214,127,38,43,3,8,block_r003_c008,spatial_block
confali_00041,hyperion_stack_crop_f16,/home/zennakamura/MasterResearch/HyperSIGMA/HyperspectralDetection/Hyperion_WaterLabel_20111222/data/processed/hyperion/hyperion_stack_crop_f16.tif,hyperion,768,832,1920,1984,wet,0.712462,confidence_ali.tif,test,Generated from confidence_ali.tif using label=wet when wet_ratio_valid >= 0.100,3,1.000000,0.108398,4096,3652,444,0,137,109,198,3,8,block_r003_c008,spatial_block
confali_00042,hyperion_stack_crop_f16,/home/zennakamura/MasterResearch/HyperSIGMA/HyperspectralDetection/Hyperion_WaterLabel_20111222/data/processed/hyperion/hyperion_stack_crop_f16.tif,hyperion,832,896,1792,1856,dry,0.890381,confidence_ali.tif,test,Generated from confidence_ali.tif using label=dry when wet_ratio_valid < 0.100,0,0.988281,0.099061,4048,3647,401,48,150,108,143,3,8,block_r003_c008,spatial_block
confali_00043,hyperion_stack_crop_f16,/home/zennakamura/MasterResearch/HyperSIGMA/HyperspectralDetection/Hyperion_WaterLabel_20111222/data/processed/hyperion/hyperion_stack_crop_f16.tif,hyperion,832,896,1856,1920,dry,0.949463,confidence_ali.tif,test,Generated from confidence_ali.tif using label=dry when wet_ratio_valid < 0.100,0,0.989014,0.039990,4051,3889,162,45,96,31,35,3,8,block_r003_c008,spatial_block
confali_00044,hyperion_stack_crop_f16,/home/zennakamura/MasterResearch/HyperSIGMA/HyperspectralDetection/Hyperion_WaterLabel_20111222/data/processed/hyperion/hyperion_stack_crop_f16.tif,hyperion,896,960,1664,1728,wet,0.774759,confidence_ali.tif,train,Generated from confidence_ali.tif using label=wet when wet_ratio_valid >= 0.100,3,0.971680,0.107035,3980,3554,426,116,99,61,266,4,7,block_r004_c007,spatial_block
confali_00045,hyperion_stack_crop_f16,/home/zennakamura/MasterResearch/HyperSIGMA/HyperspectralDetection/Hyperion_WaterLabel_20111222/data/processed/hyperion/hyperion_stack_crop_f16.tif,hyperion,896,960,1792,1856,wet,0.615872,confidence_ali.tif,test,Generated from confidence_ali.tif using label=wet when wet_ratio_valid >= 0.100,3,0.922607,0.101614,3779,3395,384,317,150,83,151,4,8,block_r004_c008,spatial_block
confali_00046,hyperion_stack_crop_f16,/home/zennakamura/MasterResearch/HyperSIGMA/HyperspectralDetection/Hyperion_WaterLabel_20111222/data/processed/hyperion/hyperion_stack_crop_f16.tif,hyperion,960,1024,1600,1664,wet,0.722712,confidence_ali.tif,train,Generated from confidence_ali.tif using label=wet when wet_ratio_valid >= 0.100,3,0.994141,0.123527,4072,3569,503,24,175,62,266,4,7,block_r004_c007,spatial_block
confali_00047,hyperion_stack_crop_f16,/home/zennakamura/MasterResearch/HyperSIGMA/HyperspectralDetection/Hyperion_WaterLabel_20111222/data/processed/hyperion/hyperion_stack_crop_f16.tif,hyperion,960,1024,1664,1728,wet,0.762250,confidence_ali.tif,train,Generated from confidence_ali.tif using label=wet when wet_ratio_valid >= 0.100,3,0.986328,0.127475,4040,3525,515,56,142,67,306,4,7,block_r004_c007,spatial_block
confali_00048,hyperion_stack_crop_f16,/home/zennakamura/MasterResearch/HyperSIGMA/HyperspectralDetection/Hyperion_WaterLabel_20111222/data/processed/hyperion/hyperion_stack_crop_f16.tif,hyperion,960,1024,1728,1792,wet,0.612116,confidence_ali.tif,train,Generated from confidence_ali.tif using label=wet when wet_ratio_valid >= 0.100,1,0.928467,0.118591,3803,3352,451,293,189,83,179,4,7,block_r004_c007,spatial_block
confali_00049,hyperion_stack_crop_f16,/home/zennakamura/MasterResearch/HyperSIGMA/HyperspectralDetection/Hyperion_WaterLabel_20111222/data/processed/hyperion/hyperion_stack_crop_f16.tif,hyperion,1024,1088,1536,1600,wet,0.760655,confidence_ali.tif,train,Generated from confidence_ali.tif using label=wet when wet_ratio_valid >= 0.100,3,0.929199,0.184446,3806,3104,702,290,128,126,448,4,6,block_r004_c006,spatial_block
confali_00050,hyperion_stack_crop_f16,/home/zennakamura/MasterResearch/HyperSIGMA/HyperspectralDetection/Hyperion_WaterLabel_20111222/data/processed/hyperion/hyperion_stack_crop_f16.tif,hyperion,1024,1088,1600,1664,wet,0.673751,confidence_ali.tif,train,Generated from confidence_ali.tif using label=wet when wet_ratio_valid >= 0.100,3,0.981934,0.153158,4022,3406,616,74,228,124,264,4,7,block_r004_c007,spatial_block
confali_00051,hyperion_stack_crop_f16,/home/zennakamura/MasterResearch/HyperSIGMA/HyperspectralDetection/Hyperion_WaterLabel_20111222/data/processed/hyperion/hyperion_stack_crop_f16.tif,hyperion,1024,1088,1664,1728,dry,0.853271,confidence_ali.tif,train,Generated from confidence_ali.tif using label=dry when wet_ratio_valid < 0.100,0,0.914795,0.067254,3747,3495,252,349,141,59,52,4,7,block_r004_c007,spatial_block
confali_00052,hyperion_stack_crop_f16,/home/zennakamura/MasterResearch/HyperSIGMA/HyperspectralDetection/Hyperion_WaterLabel_20111222/data/processed/hyperion/hyperion_stack_crop_f16.tif,hyperion,1088,1152,1472,1536,wet,0.785202,confidence_ali.tif,train,Generated from confidence_ali.tif using label=wet when wet_ratio_valid >= 0.100,3,0.994629,0.137948,4074,3512,562,22,122,111,329,4,6,block_r004_c006,spatial_block
confali_00053,hyperion_stack_crop_f16,/home/zennakamura/MasterResearch/HyperSIGMA/HyperspectralDetection/Hyperion_WaterLabel_20111222/data/processed/hyperion/hyperion_stack_crop_f16.tif,hyperion,1088,1152,1536,1600,dry,0.925049,confidence_ali.tif,train,Generated from confidence_ali.tif using label=dry when wet_ratio_valid < 0.100,0,1.000000,0.074951,4096,3789,307,0,159,36,112,4,6,block_r004_c006,spatial_block
confali_00054,hyperion_stack_crop_f16,/home/zennakamura/MasterResearch/HyperSIGMA/HyperspectralDetection/Hyperion_WaterLabel_20111222/data/processed/hyperion/hyperion_stack_crop_f16.tif,hyperion,1088,1152,1600,1664,wet,0.799962,confidence_ali.tif,train,Generated from confidence_ali.tif using label=wet when wet_ratio_valid >= 0.100,3,0.946533,0.138251,3877,3341,536,219,96,57,383,4,7,block_r004_c007,spatial_block
confali_00055,hyperion_stack_crop_f16,/home/zennakamura/MasterResearch/HyperSIGMA/HyperspectralDetection/Hyperion_WaterLabel_20111222/data/processed/hyperion/hyperion_stack_crop_f16.tif,hyperion,1152,1216,1408,1472,dry,0.869141,confidence_ali.tif,train,Generated from confidence_ali.tif using label=dry when wet_ratio_valid < 0.100,0,0.958252,0.092994,3925,3560,365,171,90,69,206,5,6,block_r005_c006,spatial_block
confali_00056,hyperion_stack_crop_f16,/home/zennakamura/MasterResearch/HyperSIGMA/HyperspectralDetection/Hyperion_WaterLabel_20111222/data/processed/hyperion/hyperion_stack_crop_f16.tif,hyperion,1152,1216,1536,1600,dry,0.892090,confidence_ali.tif,train,Generated from confidence_ali.tif using label=dry when wet_ratio_valid < 0.100,0,0.985840,0.095097,4038,3654,384,58,78,43,263,5,6,block_r005_c006,spatial_block
confali_00057,hyperion_stack_crop_f16,/home/zennakamura/MasterResearch/HyperSIGMA/HyperspectralDetection/Hyperion_WaterLabel_20111222/data/processed/hyperion/hyperion_stack_crop_f16.tif,hyperion,1216,1280,1408,1472,dry,0.943115,confidence_ali.tif,train,Generated from confidence_ali.tif using label=dry when wet_ratio_valid < 0.100,0,0.985840,0.043338,4038,3863,175,58,105,33,37,5,6,block_r005_c006,spatial_block
confali_00058,hyperion_stack_crop_f16,/home/zennakamura/MasterResearch/HyperSIGMA/HyperspectralDetection/Hyperion_WaterLabel_20111222/data/processed/hyperion/hyperion_stack_crop_f16.tif,hyperion,1280,1344,1280,1344,dry,0.950684,confidence_ali.tif,train,Generated from confidence_ali.tif using label=dry when wet_ratio_valid < 0.100,0,0.975586,0.025526,3996,3894,102,100,62,18,22,5,5,block_r005_c005,spatial_block
confali_00059,hyperion_stack_crop_f16,/home/zennakamura/MasterResearch/HyperSIGMA/HyperspectralDetection/Hyperion_WaterLabel_20111222/data/processed/hyperion/hyperion_stack_crop_f16.tif,hyperion,1280,1344,1344,1408,dry,0.948242,confidence_ali.tif,train,Generated from confidence_ali.tif using label=dry when wet_ratio_valid < 0.100,0,0.975830,0.028271,3997,3884,113,99,57,24,32,5,6,block_r005_c006,spatial_block
confali_00060,hyperion_stack_crop_f16,/home/zennakamura/MasterResearch/HyperSIGMA/HyperspectralDetection/Hyperion_WaterLabel_20111222/data/processed/hyperion/hyperion_stack_crop_f16.tif,hyperion,1280,1344,1408,1472,dry,0.971924,confidence_ali.tif,train,Generated from confidence_ali.tif using label=dry when wet_ratio_valid < 0.100,0,1.000000,0.028076,4096,3981,115,0,92,12,11,5,6,block_r005_c006,spatial_block
confali_00061,hyperion_stack_crop_f16,/home/zennakamura/MasterResearch/HyperSIGMA/HyperspectralDetection/Hyperion_WaterLabel_20111222/data/processed/hyperion/hyperion_stack_crop_f16.tif,hyperion,1344,1408,1344,1408,wet,0.635625,confidence_ali.tif,train,Generated from confidence_ali.tif using label=wet when wet_ratio_valid >= 0.100,1,0.987061,0.101657,4043,3632,411,53,173,93,145,6,6,block_r006_c006,spatial_block
confali_00062,hyperion_stack_crop_f16,/home/zennakamura/MasterResearch/HyperSIGMA/HyperspectralDetection/Hyperion_WaterLabel_20111222/data/processed/hyperion/hyperion_stack_crop_f16.tif,hyperion,1408,1472,1152,1216,dry,0.926025,confidence_ali.tif,train,Generated from confidence_ali.tif using label=dry when wet_ratio_valid < 0.100,0,1.000000,0.073975,4096,3793,303,0,154,69,80,6,5,block_r006_c005,spatial_block
confali_00063,hyperion_stack_crop_f16,/home/zennakamura/MasterResearch/HyperSIGMA/HyperspectralDetection/Hyperion_WaterLabel_20111222/data/processed/hyperion/hyperion_stack_crop_f16.tif,hyperion,1472,1536,1088,1152,dry,0.902832,confidence_ali.tif,val,Generated from confidence_ali.tif using label=dry when wet_ratio_valid < 0.100,0,0.975098,0.074111,3994,3698,296,102,160,69,67,6,4,block_r006_c004,spatial_block
confali_00064,hyperion_stack_crop_f16,/home/zennakamura/MasterResearch/HyperSIGMA/HyperspectralDetection/Hyperion_WaterLabel_20111222/data/processed/hyperion/hyperion_stack_crop_f16.tif,hyperion,1472,1536,1152,1216,dry,0.934814,confidence_ali.tif,train,Generated from confidence_ali.tif using label=dry when wet_ratio_valid < 0.100,0,1.000000,0.065186,4096,3829,267,0,153,76,38,6,5,block_r006_c005,spatial_block
confali_00065,hyperion_stack_crop_f16,/home/zennakamura/MasterResearch/HyperSIGMA/HyperspectralDetection/Hyperion_WaterLabel_20111222/data/processed/hyperion/hyperion_stack_crop_f16.tif,hyperion,1472,1536,1216,1280,dry,0.912842,confidence_ali.tif,train,Generated from confidence_ali.tif using label=dry when wet_ratio_valid < 0.100,0,1.000000,0.087158,4096,3739,357,0,154,99,104,6,5,block_r006_c005,spatial_block
confali_00066,hyperion_stack_crop_f16,/home/zennakamura/MasterResearch/HyperSIGMA/HyperspectralDetection/Hyperion_WaterLabel_20111222/data/processed/hyperion/hyperion_stack_crop_f16.tif,hyperion,1536,1600,1152,1216,dry,0.963867,confidence_ali.tif,train,Generated from confidence_ali.tif using label=dry when wet_ratio_valid < 0.100,0,0.973633,0.010030,3988,3948,40,108,36,3,1,6,5,block_r006_c005,spatial_block
confali_00067,hyperion_stack_crop_f16,/home/zennakamura/MasterResearch/HyperSIGMA/HyperspectralDetection/Hyperion_WaterLabel_20111222/data/processed/hyperion/hyperion_stack_crop_f16.tif,hyperion,1600,1664,960,1024,dry,0.968994,confidence_ali.tif,train,Generated from confidence_ali.tif using label=dry when wet_ratio_valid < 0.100,0,1.000000,0.031006,4096,3969,127,0,78,19,30,7,4,block_r007_c004,spatial_block
confali_00068,hyperion_stack_crop_f16,/home/zennakamura/MasterResearch/HyperSIGMA/HyperspectralDetection/Hyperion_WaterLabel_20111222/data/processed/hyperion/hyperion_stack_crop_f16.tif,hyperion,1600,1664,1024,1088,dry,0.949707,confidence_ali.tif,train,Generated from confidence_ali.tif using label=dry when wet_ratio_valid < 0.100,0,1.000000,0.050293,4096,3890,206,0,130,47,29,7,4,block_r007_c004,spatial_block
confali_00069,hyperion_stack_crop_f16,/home/zennakamura/MasterResearch/HyperSIGMA/HyperspectralDetection/Hyperion_WaterLabel_20111222/data/processed/hyperion/hyperion_stack_crop_f16.tif,hyperion,1664,1728,960,1024,dry,0.976318,confidence_ali.tif,train,Generated from confidence_ali.tif using label=dry when wet_ratio_valid < 0.100,0,1.000000,0.023682,4096,3999,97,0,34,27,36,7,4,block_r007_c004,spatial_block
confali_00070,hyperion_stack_crop_f16,/home/zennakamura/MasterResearch/HyperSIGMA/HyperspectralDetection/Hyperion_WaterLabel_20111222/data/processed/hyperion/hyperion_stack_crop_f16.tif,hyperion,1664,1728,1024,1088,dry,0.940186,confidence_ali.tif,train,Generated from confidence_ali.tif using label=dry when wet_ratio_valid < 0.100,0,1.000000,0.059814,4096,3851,245,0,126,55,64,7,4,block_r007_c004,spatial_block
confali_00071,hyperion_stack_crop_f16,/home/zennakamura/MasterResearch/HyperSIGMA/HyperspectralDetection/Hyperion_WaterLabel_20111222/data/processed/hyperion/hyperion_stack_crop_f16.tif,hyperion,1728,1792,832,896,dry,0.852295,confidence_ali.tif,val,Generated from confidence_ali.tif using label=dry when wet_ratio_valid < 0.100,0,0.932129,0.085647,3818,3491,327,278,134,77,116,7,3,block_r007_c003,spatial_block
confali_00072,hyperion_stack_crop_f16,/home/zennakamura/MasterResearch/HyperSIGMA/HyperspectralDetection/Hyperion_WaterLabel_20111222/data/processed/hyperion/hyperion_stack_crop_f16.tif,hyperion,1728,1792,896,960,wet,0.577185,confidence_ali.tif,train,Generated from confidence_ali.tif using label=wet when wet_ratio_valid >= 0.100,1,0.937744,0.111950,3841,3411,430,255,180,136,114,7,4,block_r007_c004,spatial_block
confali_00073,hyperion_stack_crop_f16,/home/zennakamura/MasterResearch/HyperSIGMA/HyperspectralDetection/Hyperion_WaterLabel_20111222/data/processed/hyperion/hyperion_stack_crop_f16.tif,hyperion,1728,1792,960,1024,dry,0.916748,confidence_ali.tif,train,Generated from confidence_ali.tif using label=dry when wet_ratio_valid < 0.100,0,0.976318,0.061015,3999,3755,244,97,110,61,73,7,4,block_r007_c004,spatial_block
confali_00074,hyperion_stack_crop_f16,/home/zennakamura/MasterResearch/HyperSIGMA/HyperspectralDetection/Hyperion_WaterLabel_20111222/data/processed/hyperion/hyperion_stack_crop_f16.tif,hyperion,1792,1856,768,832,dry,0.915283,confidence_ali.tif,train,Generated from confidence_ali.tif using label=dry when wet_ratio_valid < 0.100,0,0.996094,0.081127,4080,3749,331,16,144,86,101,8,3,block_r008_c003,spatial_block
confali_00075,hyperion_stack_crop_f16,/home/zennakamura/MasterResearch/HyperSIGMA/HyperspectralDetection/Hyperion_WaterLabel_20111222/data/processed/hyperion/hyperion_stack_crop_f16.tif,hyperion,1856,1920,832,896,dry,0.890137,confidence_ali.tif,train,Generated from confidence_ali.tif using label=dry when wet_ratio_valid < 0.100,0,0.981201,0.092809,4019,3646,373,77,139,74,160,8,3,block_r008_c003,spatial_block
confali_00076,hyperion_stack_crop_f16,/home/zennakamura/MasterResearch/HyperSIGMA/HyperspectralDetection/Hyperion_WaterLabel_20111222/data/processed/hyperion/hyperion_stack_crop_f16.tif,hyperion,1920,1984,640,704,dry,0.895020,confidence_ali.tif,val,Generated from confidence_ali.tif using label=dry when wet_ratio_valid < 0.100,0,0.989502,0.095485,4053,3666,387,43,143,87,157,8,2,block_r008_c002,spatial_block
confali_00077,hyperion_stack_crop_f16,/home/zennakamura/MasterResearch/HyperSIGMA/HyperspectralDetection/Hyperion_WaterLabel_20111222/data/processed/hyperion/hyperion_stack_crop_f16.tif,hyperion,1920,1984,704,768,dry,0.930176,confidence_ali.tif,train,Generated from confidence_ali.tif using label=dry when wet_ratio_valid < 0.100,0,1.000000,0.069824,4096,3810,286,0,103,72,111,8,3,block_r008_c003,spatial_block
confali_00078,hyperion_stack_crop_f16,/home/zennakamura/MasterResearch/HyperSIGMA/HyperspectralDetection/Hyperion_WaterLabel_20111222/data/processed/hyperion/hyperion_stack_crop_f16.tif,hyperion,1920,1984,768,832,dry,0.911377,confidence_ali.tif,train,Generated from confidence_ali.tif using label=dry when wet_ratio_valid < 0.100,0,1.000000,0.088623,4096,3733,363,0,159,82,122,8,3,block_r008_c003,spatial_block
confali_00079,hyperion_stack_crop_f16,/home/zennakamura/MasterResearch/HyperSIGMA/HyperspectralDetection/Hyperion_WaterLabel_20111222/data/processed/hyperion/hyperion_stack_crop_f16.tif,hyperion,1984,2048,576,640,dry,0.904541,confidence_ali.tif,val,Generated from confidence_ali.tif using label=dry when wet_ratio_valid < 0.100,0,0.966309,0.063921,3958,3705,253,138,112,64,77,8,2,block_r008_c002,spatial_block
confali_00080,hyperion_stack_crop_f16,/home/zennakamura/MasterResearch/HyperSIGMA/HyperspectralDetection/Hyperion_WaterLabel_20111222/data/processed/hyperion/hyperion_stack_crop_f16.tif,hyperion,2048,2112,512,576,wet,0.663643,confidence_ali.tif,train,Generated from confidence_ali.tif using label=wet when wet_ratio_valid >= 0.100,1,0.999756,0.113797,4095,3629,466,1,180,110,176,9,2,block_r009_c002,spatial_block
confali_00081,hyperion_stack_crop_f16,/home/zennakamura/MasterResearch/HyperSIGMA/HyperspectralDetection/Hyperion_WaterLabel_20111222/data/processed/hyperion/hyperion_stack_crop_f16.tif,hyperion,2048,2112,576,640,wet,0.743555,confidence_ali.tif,train,Generated from confidence_ali.tif using label=wet when wet_ratio_valid >= 0.100,3,0.987793,0.142610,4046,3469,577,50,157,114,306,9,2,block_r009_c002,spatial_block
confali_00082,hyperion_stack_crop_f16,/home/zennakamura/MasterResearch/HyperSIGMA/HyperspectralDetection/Hyperion_WaterLabel_20111222/data/processed/hyperion/hyperion_stack_crop_f16.tif,hyperion,2048,2112,640,704,wet,0.774170,confidence_ali.tif,train,Generated from confidence_ali.tif using label=wet when wet_ratio_valid >= 0.100,3,0.990967,0.111111,4059,3608,451,37,116,64,271,9,2,block_r009_c002,spatial_block
confali_00083,hyperion_stack_crop_f16,/home/zennakamura/MasterResearch/HyperSIGMA/HyperspectralDetection/Hyperion_WaterLabel_20111222/data/processed/hyperion/hyperion_stack_crop_f16.tif,hyperion,2112,2176,448,512,dry,0.979492,confidence_ali.tif,train,Generated from confidence_ali.tif using label=dry when wet_ratio_valid < 0.100,0,1.000000,0.020508,4096,4012,84,0,43,24,17,9,2,block_r009_c002,spatial_block
confali_00084,hyperion_stack_crop_f16,/home/zennakamura/MasterResearch/HyperSIGMA/HyperspectralDetection/Hyperion_WaterLabel_20111222/data/processed/hyperion/hyperion_stack_crop_f16.tif,hyperion,2112,2176,512,576,dry,0.980225,confidence_ali.tif,train,Generated from confidence_ali.tif using label=dry when wet_ratio_valid < 0.100,0,0.993896,0.013756,4071,4015,56,25,46,2,8,9,2,block_r009_c002,spatial_block
confali_00085,hyperion_stack_crop_f16,/home/zennakamura/MasterResearch/HyperSIGMA/HyperspectralDetection/Hyperion_WaterLabel_20111222/data/processed/hyperion/hyperion_stack_crop_f16.tif,hyperion,2112,2176,576,640,dry,0.948975,confidence_ali.tif,train,Generated from confidence_ali.tif using label=dry when wet_ratio_valid < 0.100,0,0.994385,0.045667,4073,3887,186,23,133,46,7,9,2,block_r009_c002,spatial_block
confali_00086,hyperion_stack_crop_f16,/home/zennakamura/MasterResearch/HyperSIGMA/HyperspectralDetection/Hyperion_WaterLabel_20111222/data/processed/hyperion/hyperion_stack_crop_f16.tif,hyperion,2176,2240,448,512,dry,0.956787,confidence_ali.tif,train,Generated from confidence_ali.tif using label=dry when wet_ratio_valid < 0.100,0,0.969971,0.013592,3973,3919,54,123,51,3,0,9,2,block_r009_c002,spatial_block
confali_00087,hyperion_stack_crop_f16,/home/zennakamura/MasterResearch/HyperSIGMA/HyperspectralDetection/Hyperion_WaterLabel_20111222/data/processed/hyperion/hyperion_stack_crop_f16.tif,hyperion,2176,2240,512,576,dry,0.918213,confidence_ali.tif,train,Generated from confidence_ali.tif using label=dry when wet_ratio_valid < 0.100,0,0.938477,0.021592,3844,3761,83,252,72,10,1,9,2,block_r009_c002,spatial_block
confali_00088,hyperion_stack_crop_f16,/home/zennakamura/MasterResearch/HyperSIGMA/HyperspectralDetection/Hyperion_WaterLabel_20111222/data/processed/hyperion/hyperion_stack_crop_f16.tif,hyperion,2304,2368,320,384,dry,0.929688,confidence_ali.tif,test,Generated from confidence_ali.tif using label=dry when wet_ratio_valid < 0.100,0,0.935059,0.005744,3830,3808,22,266,12,7,3,10,1,block_r010_c001,spatial_block
confali_00089,hyperion_stack_crop_f16,/home/zennakamura/MasterResearch/HyperSIGMA/HyperspectralDetection/Hyperion_WaterLabel_20111222/data/processed/hyperion/hyperion_stack_crop_f16.tif,hyperion,2304,2368,384,448,dry,0.873535,confidence_ali.tif,test,Generated from confidence_ali.tif using label=dry when wet_ratio_valid < 0.100,0,0.925293,0.055937,3790,3578,212,306,72,42,98,10,1,block_r010_c001,spatial_block
